X,Y,X,
345,2045,63
339,2030,65
352,2050,63
334,2053,64
335,2053,64
325,2037,64
337,2029,69
339,2038,66
341,2045,70
337,2049,72
336,2051,57
333,2045,66
332,2051,60
322,2054,59
328,2052,66
325,2045,65
331,2044,59
327,2045,61
329,2044,54
331,2054,63
322,2058,55
326,2040,50
328,2043,57
330,2046,49
325,2047,58
328,2051,51
327,2044,69
328,2053,54
321,2047,53
330,2040,59
329,2050,59
328,2053,58
328,2050,51
327,2052,59
328,2045,61
327,2049,50
328,2049,54
327,2045,50
327,2045,52
334,2046,60
331,2051,51
324,2046,47
327,2048,55
326,2042,49
332,2042,52
330,2040,56
327,2053,58
334,2047,47
329,2051,54
325,2049,57
326,2045,55
327,2042,51
327,2040,53
320,2051,57
330,2046,57
328,2046,54
315,2046,58
325,2053,64
328,2045,52
331,2044,60
327,2049,64
324,2050,61
316,2044,55
317,2046,62
323,2049,57
323,2046,65
317,2043,52
323,2048,51
327,2043,58
328,2050,59
321,2045,56
309,2051,59
318,2050,70
322,2060,59
318,2047,64
309,2051,60
312,2047,54
301,2052,58
308,2046,72
319,2048,70
328,2048,62
327,2044,69
329,2045,67
323,2045,72
318,2043,75
308,2052,77
297,2049,83
289,2047,79
298,2054,69
289,2050,60
288,2047,53
301,2046,58
301,2045,48
277,2052,58
275,2059,61
301,2055,60
303,2059,61
291,2051,64
312,2046,72
315,2045,66
323,2046,65
324,2044,60
324,2040,63
318,2058,63
317,2052,51
318,2051,51
305,2043,57
293,2046,46
310,2045,53
300,2055,44
303,2048,45
291,2048,48
304,2051,47
292,2052,43
291,2054,53
303,2054,54
303,2052,43
308,2049,33
308,2056,45
298,2058,40
291,2050,43
291,2051,53
301,2048,48
320,2044,46
310,2048,39
310,2044,40
297,2059,41
288,2054,40
292,2054,46
298,2049,44
294,2057,48
299,2038,46
306,2040,42
313,2042,30
309,2053,29
303,2058,27
280,2065,27
276,2056,37
266,2057,32
272,2045,39
283,2059,33
301,2045,37
311,2047,35
309,2049,46
298,2047,27
312,2055,19
292,2059,26
297,2057,17
316,2047,26
288,2047,11
304,2042,13
299,2047,-11
288,2049,-25
289,2065,-11
314,2058,18
334,2055,13
346,2029,-3
368,2025,0
378,2030,0
390,2028,18
377,2043,19
376,2053,22
378,2066,17
368,2087,21
351,2110,30
295,2139,63
240,2119,42
198,2042,43
172,1926,97
182,1755,208
247,1918,375
369,2399,494
552,2721,519
586,2502,430
713,2202,384
483,1798,614
537,1948,743
423,1973,622
273,1819,658
137,1691,719
123,1683,725
203,1689,653
273,1619,655
306,1580,652
307,1547,569
373,1551,626
404,1507,639
419,1601,665
355,1758,742
249,1919,742
165,2069,763
177,2159,802
247,2237,846
284,2273,950
292,2218,1073
193,2392,1292
535,2787,1178
522,2600,674
153,2274,713
10,1699,787
-102,1333,601
-242,1531,201
-380,1756,251
-155,2138,237
403,2372,104
788,2133,-25
407,1734,14
281,1645,211
267,1823,266
213,1934,138
268,2033,166
306,2019,157
322,1939,134
271,1885,198
355,1846,96
316,1855,148
264,1826,177
336,1841,117
417,1835,98
462,1807,97
439,1719,69
409,1726,51
506,1853,157
467,1931,118
283,1996,-122
319,1945,-164
458,1798,-311
567,1961,-168
888,2172,-170
928,3019,-8
1192,3174,-550
895,3095,-771
425,3158,-561
-62,3038,-513
-369,2513,-556
-338,2052,-352
-243,2020,-202
-32,1979,-199
350,2188,-174
463,2259,-298
248,2180,-132
177,2049,-22
255,2210,309
408,2096,340
423,1701,182
218,1432,359
297,1406,367
262,1327,394
94,1190,366
-37,1046,387
36,940,477
243,944,630
367,1142,764
496,1707,870
730,2609,779
435,3075,17
104,3318,805
500,2743,1587
364,2240,1562
51,2591,439
-80,3174,44
-751,2372,344
-70,2122,407
364,1437,-31
321,1235,26
387,1743,-163
334,2062,-434
80,2101,87
-93,2031,474
9,2024,437
101,1760,202
190,1775,73
196,1891,87
335,2026,130
345,1847,157
257,1675,175
309,1723,93
399,1866,44
413,1834,71
410,1788,123
418,1799,137
515,1796,81
548,1842,-21
489,1920,-174
165,2003,-184
339,1975,-320
583,2007,-281
510,2169,-16
724,2556,-303
829,3143,-89
934,3036,-442
754,2845,-527
549,2539,-602
-66,2345,-640
-425,2354,-411
-303,2140,-219
-112,2079,-243
351,2397,-87
632,2565,-114
565,2199,-156
321,2056,99
362,2071,252
512,1952,331
287,1440,205
366,1320,249
448,1284,344
212,1131,280
109,1030,297
53,1021,323
73,1001,393
264,1009,416
246,1429,491
116,2196,732
436,2765,610
110,3103,-334
162,3641,986
771,2796,1544
744,1270,1331
1040,1687,1249
585,2458,331
-216,2340,104
-545,1902,330
-108,2189,386
468,3049,257
235,2262,-22
-127,1477,-531
-185,1275,-109
154,1958,486
447,2639,916
610,2200,487
651,1530,181
710,1544,-173
692,1861,-103
594,1801,88
200,1642,209
307,1625,-48
383,1778,-3
353,1798,-38
240,1747,-100
165,1782,-58
167,1828,39
241,1952,119
413,2090,-161
498,2064,-333
512,2088,-289
735,2237,-311
548,2380,58
446,2470,29
684,2837,-322
681,3051,-209
653,2771,-372
539,2409,-576
37,2178,-570
-359,2189,-546
-424,2339,-22
-122,2287,-169
454,2637,40
882,2607,-146
737,2362,-253
474,2140,110
531,2161,275
598,1950,271
415,1750,295
323,1401,178
344,1243,414
273,1147,377
179,1004,379
85,930,330
127,939,387
109,974,523
159,1144,578
189,1515,591
177,1943,714
396,2670,825
407,3156,272
113,3271,712
487,2846,1346
653,1735,1406
707,1374,1225
503,2984,1196
53,3288,635
-390,2640,0
-808,2097,347
135,1752,308
147,1092,-27
18,1455,-145
44,1694,-409
-48,2676,-85
44,2811,598
-17,1860,663
229,1579,438
443,1468,67
585,1721,-8
474,1985,127
237,1963,164
135,1808,37
250,1857,109
414,1821,57
494,1891,92
502,1787,69
367,1738,31
396,1801,8
477,1792,48
437,1829,110
341,2021,265
413,2062,168
558,1921,-167
951,1892,-341
1287,2116,-395
827,2778,-214
508,3260,-260
-75,3426,-343
-226,3270,-520
-309,2596,-473
-631,2045,-390
-797,2011,-292
-649,1824,-238
68,1867,-2
661,2375,-71
757,2892,-51
570,2005,-367
445,1836,210
485,1761,264
246,1504,372
-28,1482,355
158,1683,401
42,1464,584
-187,1393,439
-355,1394,272
-251,1320,311
-47,1491,347
89,1800,423
286,1982,432
697,2169,560
872,2171,704
828,2115,843
688,2111,965
659,2153,974
447,2206,893
20,3461,880
-142,3667,235
-488,2275,655
-413,1310,545
-147,1050,8
221,1627,-273
408,2571,-280
-90,2379,36
-362,2323,343
-129,2098,378
166,1967,54
265,1922,-278
310,1877,-351
182,2026,-181
-6,2185,-86
231,1883,-88
329,1891,-216
652,2053,-247
622,2007,-271
689,2002,-217
587,1868,-26
418,1997,-61
489,1884,-212
422,1904,-181
327,2075,-54
299,2090,36
413,2052,12
610,1905,-190
790,1683,-480
604,1629,-416
358,1717,-573
96,1949,-831
5,2601,-647
-65,3050,-468
-478,3239,-533
-998,2764,-781
-396,1997,-1055
173,1846,-784
542,2702,-336
891,2820,-91
928,2324,-52
904,2485,-12
400,1594,248
160,1353,426
154,1559,354
344,1784,488
313,1809,565
10,1757,596
-42,1664,571
44,1661,528
10,1642,524
-28,1655,528
-6,1725,567
55,1799,561
148,1802,581
246,1822,695
275,1812,808
359,1766,869
409,1764,880
193,1946,844
-164,3139,872
-55,3296,403
-57,2331,712
-556,1183,592
-521,1141,668
42,1797,252
185,2694,-278
-144,2881,-143
-73,2247,323
255,1986,132
419,1705,-280
444,1711,-324
441,2082,31
371,2203,90
417,2159,155
498,2098,108
509,1853,-1
347,1760,15
392,1863,-6
563,1915,-46
599,1842,-67
677,1856,-99
783,1848,-145
790,1946,-129
617,1988,-7
500,1823,38
410,1785,29
408,1968,137
605,2033,-89
657,1971,-388
231,2179,-180
-37,2654,85
311,2552,-335
659,2531,-541
817,3058,-559
972,2912,-704
1040,2713,-796
503,2697,-646
-100,2450,-504
-377,2064,-577
-241,1544,-558
224,1321,-689
917,1577,-659
958,2056,-148
626,2644,163
363,2439,90
82,1980,-92
181,1621,-230
195,1478,22
123,1480,264
184,1605,412
222,1650,457
260,1565,365
274,1551,356
256,1403,155
235,1483,123
294,1741,118
137,2318,245
7,2537,925
470,2214,348
457,1727,381
514,1468,396
621,3072,195
375,3811,-143
95,2828,79
395,1695,280
163,741,-138
-82,921,-98
-124,1836,-24
11,2684,50
-158,2265,340
70,2078,398
536,1918,213
836,1888,-2
585,2009,112
163,1914,157
35,1822,85
53,1718,48
124,1789,-12
234,1780,-57
261,1830,-132
227,1959,-59
288,1972,-43
379,2046,-69
384,2151,-237
306,2257,-403
469,2068,-393
854,1891,-413
847,2239,-125
893,2685,-441
759,3204,-461
1067,2713,-791
1020,2538,-566
410,2594,-244
-28,2445,-171
-420,2202,-437
-80,2093,-59
26,1930,-513
337,2221,-275
643,2414,-135
544,2262,-116
444,2245,-91
208,2075,-62
123,1787,28
124,1525,165
157,1420,-9
399,1526,88
340,1202,73
245,1222,174
122,1196,135
64,1168,190
157,1070,215
181,1234,220
112,1687,86
-58,2558,748
518,3262,1100
441,3771,79
426,3325,1444
927,1810,1743
1163,1454,1076
935,3092,410
-473,3555,-449
-1185,2452,-390
387,2213,933
275,907,-105
-130,231,-613
-338,849,-548
38,2898,14
300,3388,611
85,2010,564
285,1485,142
485,1237,-178
690,1607,-190
444,1939,-17
32,2114,163
81,2033,60
281,1976,25
476,1835,-26
481,1800,-140
330,1816,-173
189,1826,-40
289,1814,-83
477,1938,-177
462,2082,-237
587,2016,-200
911,2020,-223
1354,2258,-443
995,2939,-315
1023,2947,-694
786,3060,-863
70,3028,-791
-344,2746,-733
-1119,2357,-826
-905,2275,-364
-343,2471,-536
500,2440,-470
718,2196,-401
403,2439,-247
315,2180,-115
342,2016,48
311,1822,140
327,1415,142
147,1151,142
285,1137,174
226,1100,299
69,1055,357
11,1077,358
-3,890,366
50,806,454
152,892,592
263,1428,687
439,2603,884
745,3478,34
-31,3799,-20
444,3796,1890
975,2044,1911
620,913,1834
536,2792,657
-893,3087,-648
-1630,2400,-574
-129,2873,552
1116,2294,275
302,616,-281
-107,322,-408
-153,1372,-54
691,3822,142
87,2666,736
299,1797,667
533,1489,8
377,1249,-230
254,1714,-31
275,1953,44
221,1790,107
194,1739,58
280,1638,-129
330,1693,-203
392,1836,138
410,1728,-131
556,1777,58
588,2033,-158
518,2274,-384
572,2389,-210
865,2256,-100
995,2298,41
809,2276,8
761,2519,-303
748,2826,-128
583,2538,-328
431,2128,-877
-310,2380,-809
-838,2939,-257
-589,2463,-200
14,2733,-24
926,2761,-235
1075,2412,-251
820,2277,83
376,2226,371
213,1919,372
195,1693,188
266,1378,85
450,1220,150
249,956,167
9,1047,275
-60,1100,364
-2,1019,428
83,904,513
164,1059,548
187,1543,424
144,2357,610
557,3218,458
159,3695,286
348,3445,1608
638,1957,1842
341,1459,1689
745,2584,492
-293,2968,20
-1061,2013,-25
-17,2945,380
844,2542,351
281,908,140
-32,701,-475
-24,1201,-489
526,2844,-327
169,2840,499
-70,1936,752
174,1535,310
252,1361,-48
367,1709,106
440,2007,112
235,1879,137
152,1793,207
259,1665,84
440,1662,58
501,1762,91
417,1981,97
349,2001,84
403,1898,4
321,2056,-43
91,2159,-138
364,1802,-143
795,1755,-277
941,2324,72
789,2937,-11
779,3200,-139
1068,2798,-561
761,2448,-538
-142,2515,-420
-893,2399,-253
-684,2767,49
-76,2195,-203
561,2541,84
1020,2459,49
657,2174,-37
507,2314,198
486,1965,441
198,1504,367
311,1370,297
229,1159,198
232,1098,389
-39,1012,407
-120,1118,384
-42,1041,399
119,886,443
199,922,572
145,1424,642
18,2139,739
499,3073,295
213,3630,83
390,3595,1627
199,2482,1893
373,2799,822
364,3324,294
-431,2596,-4
-411,1856,235
458,1594,79
462,1113,64
427,1463,104
193,2041,-390
161,2515,-468
-53,2229,319
6,2103,632
141,1727,386
270,1596,89
175,1854,-138
75,2067,-51
100,1952,29
91,1891,-10
175,1871,7
291,2009,-27
275,2007,45
267,2014,177
453,2033,212
680,1909,158
907,1663,1
827,1466,-84
452,1311,178
270,1232,115
179,1351,-406
-109,2224,-890
-47,3459,-335
436,3481,-113
-329,3471,-607
-553,2784,-461
-36,2957,-148
664,2517,-488
970,2825,195
964,2404,165
510,2069,75
181,1772,-138
-266,1592,-129
-264,1578,30
-115,1668,125
-24,1758,106
-10,1726,-78
70,1736,-207
99,1823,-104
42,1898,3
-39,1950,-96
-50,1896,-171
-29,1827,-191
16,1793,-259
88,1793,-218
87,1824,-264
-84,1752,-385
-299,1790,-560
-341,2510,-638
-260,3189,-323
152,3115,257
28,3411,-434
942,3773,437
1679,1655,-137
932,1202,744
691,945,170
703,1633,499
1012,2723,491
663,2616,294
523,2209,231
654,2133,153
447,2171,139
209,2086,197
169,2111,162
273,2056,133
334,1933,108
243,1800,71
146,1795,35
135,1871,-9
213,1904,-67
268,1839,-26
274,1798,-1
282,1848,-10
206,1836,-75
151,1830,-52
114,1784,45
114,1816,178
277,2061,270
444,2103,161
503,2108,-168
607,1994,-568
358,1802,-537
64,1873,-125
-167,2370,448
53,2575,988
767,2711,1002
787,3146,915
284,2548,1053
143,1899,878
296,1731,450
551,1507,484
679,1495,664
686,1538,590
524,1466,428
328,1411,314
199,1563,207
134,1720,168
129,1838,263
135,2025,263
-14,1878,7
-88,1880,8
-158,2325,39
-363,2280,-97
-411,2274,-144
-326,2158,-156
-231,1849,-226
-63,2076,-318
286,2674,-229
470,3031,-61
357,2801,-83
466,2325,-99
756,2396,-92
1286,3567,160
1467,2477,-226
552,1401,-117
171,1193,-339
270,1578,-420
410,2298,-394
174,2363,-391
124,1920,-529
157,1535,-674
271,1704,-593
449,2046,-408
578,2390,-180
436,2300,-89
139,1881,-217
-65,1620,-333
109,1509,-406
312,1794,-523
233,2133,-291
123,1975,-186
195,1816,-375
487,1642,-809
1656,1555,-1163
1653,1493,-505
1774,1741,832
1285,3309,800
406,3249,752
-268,2732,911
-531,2081,847
29,1863,364
841,1607,471
941,1636,553
666,1718,454
378,1682,511
150,1647,668
-81,1722,779
-236,1675,731
-219,1708,664
-117,1765,617
-125,1655,643
-135,1563,634
-96,1623,716
-30,1771,764
-98,1833,800
-330,1867,797
-675,2020,737
-841,2974,731
-305,3279,570
266,2932,1108
102,1909,1146
-287,558,826
1,1303,-62
44,2976,-347
1,2770,-171
-48,2207,-6
179,2321,8
402,2370,82
411,2071,32
341,2129,-95
433,2026,-45
498,1903,-152
451,1761,-202
232,1712,-159
152,1782,-173
21,1647,-161
207,1819,-166
380,2069,-126
634,1855,-54
680,1683,-172
679,1711,-297
752,1628,-19
883,1757,17
870,1911,-94
770,1914,-375
413,2061,-259
87,2194,-199
198,2216,-151
390,2303,-206
346,2543,-84
826,2558,-529
549,3263,-159
1140,2917,-527
1088,2601,-1074
431,2239,-1042
-40,1991,-760
-431,2075,-534
-181,2214,-217
373,2146,-461
1029,2067,-560
998,1917,-463
265,2329,-183
-13,2260,46
181,2126,241
325,1552,239
266,1093,107
672,1197,240
8,1244,290
-10,1234,361
-139,1167,411
-91,1037,405
96,910,457
246,1096,549
351,1904,752
764,2853,1055
472,3312,-336
-126,3714,308
406,3073,1648
510,1618,1623
510,2208,1341
126,3286,-140
-876,2328,-519
-698,2196,493
764,2396,357
394,1371,-61
104,1017,-232
-198,1203,-507
91,2466,-435
142,2801,242
28,2150,631
217,1796,382
395,1480,4
291,1627,-97
309,1984,1
206,2051,164
205,1823,188
335,1639,100
455,1698,-24
480,1785,-89
534,1730,12
408,1931,-2
361,1988,93
376,1922,16
529,1958,-264
295,2095,-370
476,2005,-388
729,1860,-347
373,2231,-98
647,2560,-309
457,3067,-261
941,2950,-507
1087,2774,-581
834,2533,-648
457,2206,-695
-315,1959,-730
-533,2198,-394
-224,2202,-18
193,2298,-92
974,2181,-454
815,2194,-250
441,2515,21
146,2316,374
-56,1867,358
320,1653,249
478,1272,22
479,1136,261
223,1006,262
4,1067,262
-51,1087,274
-7,986,333
184,918,324
166,1227,408
94,2060,611
492,2858,917
475,3176,-340
305,3324,456
871,3093,1622
1066,1791,1723
1413,3068,1282
437,2993,-111
-1009,2089,-252
-1053,1561,617
234,1949,713
167,1415,168
132,1414,-372
88,1644,-443
409,2802,-341
206,2746,615
107,1806,660
434,1413,-8
468,1263,-146
420,1777,48
273,2107,68
57,1800,84
65,1624,-64
392,1702,-163
554,1788,-125
559,1769,72
457,1861,36
389,1887,-63
453,1906,112
590,2074,32
637,2176,-295
657,2175,-227
896,2095,-209
1189,2330,-205
796,2894,-15
775,2971,-347
772,2874,-662
243,2694,-577
-181,2475,-517
-819,2525,-318
-918,2371,-168
-408,2361,-354
614,2511,-258
1117,2291,-254
969,2337,-207
464,2337,166
315,2094,324
413,1750,491
270,1306,245
296,1420,-10
281,1077,344
190,1042,499
8,978,507
67,967,507
186,800,581
335,850,653
451,1304,844
596,2180,772
467,3021,91
-302,3283,-256
145,3782,1363
699,2709,1611
108,2129,1652
269,2705,1004
-72,2433,394
-524,1701,157
-410,2238,253
304,2346,-3
111,1375,267
75,1429,-80
235,1824,-410
499,2374,-332
216,2354,293
-108,1928,493
33,1701,454
271,1721,198
345,1800,-31
380,1932,71
285,2024,146
260,1863,130
294,1628,87
295,1640,-183
303,1875,-153
318,1929,9
177,1974,14
307,1910,3
487,1949,-27
420,2007,147
399,1940,-97
383,1997,-219
657,1849,-359
1073,1817,-548
646,2365,-377
248,3098,-113
541,2906,-424
499,2776,-786
-26,2612,-712
-218,3044,-614
-244,2945,-268
-402,2166,-275
54,1957,-481
987,1956,-516
1315,1859,-184
735,2193,219
273,1998,264
140,1688,163
-169,1675,119
-156,1449,-111
-82,1243,-147
9,1473,-41
106,1556,-25
240,1773,135
422,2008,230
407,2042,89
244,2129,162
234,2689,561
105,2793,4
147,2478,92
172,1670,63
201,1387,32
356,1893,-44
301,2140,53
66,2172,103
-98,2204,19
13,2049,-52
198,1988,-116
225,2070,14
204,2193,46
171,2169,-59
205,2073,-76
274,2048,-24
314,2026,10
304,2043,-7
249,2095,-30
153,2085,-37
186,2122,-15
252,2106,16
268,2084,17
286,2032,-27
252,2030,-38
236,2061,-45
241,2081,-38
238,2075,-31
244,2066,-27
239,2074,-16
235,2072,-15
216,2078,-13
207,2082,-23
182,2082,-21
183,2065,-19
201,2061,-18
201,2086,-6
203,2086,4
218,2063,12
220,2062,16
232,2058,4
218,2057,18
220,2066,24
217,2072,27
216,2070,17
207,2074,8
188,2072,14
195,2067,16
215,2046,1
228,2054,22
230,2057,20
231,2053,11
224,2062,7
211,2058,5
207,2055,6
208,2062,16
210,2061,3
217,2077,-8
212,2070,3
206,2060,9
216,2061,11
219,2073,13
213,2058,9
200,2064,6
205,2066,7
213,2083,7
220,2065,4
208,2060,6
201,2072,-7
197,2075,-1
204,2060,-2
204,2061,-5
208,2069,4
216,2073,0
211,2058,-9
205,2059,-6
206,2055,-12
202,2065,-5
204,2074,-7
211,2062,-7
220,2059,-12
216,2067,-7
222,2067,-6
203,2059,-9
212,2066,-4
210,2066,-5
213,2072,-10
218,2070,-9
212,2064,-5
215,2060,1
225,2069,2
235,2057,10
228,2059,-5
227,2066,-1
236,2074,-3
242,2065,12
240,2056,-5
235,2053,3
238,2057,0
227,2057,4
227,2064,4
231,2078,7
220,2066,-8
213,2064,-2
224,2067,-6
226,2062,-1
224,2054,0
222,2058,4
235,2071,-4
230,2070,1
238,2074,-5
241,2069,-3
245,2063,-1
240,2052,6
255,2067,8
266,2065,13
248,2067,29
224,2067,29
230,2064,29
229,2076,12
214,2059,-4
226,2044,-11
230,2051,-2
237,2077,3
243,2065,14
235,2064,18
242,2059,14
236,2065,21
236,2057,18
233,2067,37
224,2072,46
259,2046,40
261,2049,29
261,2043,25
254,2065,23
247,2080,40
249,2061,23
255,2050,22
249,2062,26
234,2072,29
242,2057,38
241,2053,41
255,2061,36
256,2056,32
255,2064,29
255,2056,24
250,2052,33
240,2060,37
241,2056,45
247,2056,46
256,2068,41
268,2053,33
253,2063,34
233,2064,40
222,2061,45
242,2061,36
250,2053,29
246,2060,26
245,2066,29
250,2070,33
258,2055,28
262,2053,41
257,2067,37
256,2058,39
260,2057,44
256,2050,40
256,2056,42
254,2063,45
252,2059,43
274,2054,54
264,2063,61
271,2054,52
267,2052,42
267,2052,49
283,2061,50
255,2051,56
248,2042,47
274,2037,34
289,2048,47
279,2052,35
279,2061,31
267,2062,36
270,2062,23
249,2055,33
239,2060,39
247,2062,43
254,2059,50
255,2057,45
250,2057,38
255,2059,42
249,2063,43
252,2057,55
247,2066,45
255,2048,43
254,2046,40
258,2062,46
248,2057,38
246,2059,45
262,2054,38
267,2059,42
277,2051,45
267,2046,38
262,2057,40
270,2062,46
267,2068,43
276,2053,29
269,2052,35
269,2061,38
257,2055,42
259,2057,39
271,2068,44
269,2052,30
254,2056,33
258,2056,38
255,2053,43
263,2057,39
272,2051,38
268,2056,39
272,2049,52
270,2057,46
270,2053,54
274,2050,44
270,2052,39
273,2059,34
282,2060,37
276,2051,37
271,2049,41
274,2050,30
271,2054,30
259,2055,32
274,2057,36
282,2052,33
284,2061,38
284,2065,32
271,2056,27
273,2050,23
275,2054,39
275,2065,28
281,2054,35
271,2054,28
275,2060,31
269,2061,33
264,2054,33
271,2049,28
268,2049,34
266,2062,36
264,2055,31
269,2068,32
271,2056,29
273,2057,30
275,2055,33
267,2054,38
281,2051,28
275,2049,34
268,2059,32
270,2058,42
270,2059,36
272,2049,37
275,2061,31
274,2060,32
308,2052,37
312,2041,22
307,2044,27
294,2051,16
300,2055,31
314,2056,35
334,2060,-7
321,2053,15
291,2048,17
276,2052,10
273,2061,4
283,2071,0
285,2063,4
299,2063,12
303,2077,4
302,2084,-7
338,2045,0
389,2058,37
385,2032,-14
368,2009,-12
334,2034,2
320,2038,59
324,1976,92
383,1989,49
463,2069,61
401,2072,85
246,2109,139
197,2043,189
208,2017,169
252,2039,173
296,2034,192
345,2002,201
396,1994,179
401,2026,204
375,2047,215
407,2035,206
447,2009,156
524,1969,72
540,1991,-4
493,2033,1
499,2021,4
497,2041,-41
453,2061,-92
375,2029,-74
325,1995,-158
334,1956,-219
133,1964,-196
-39,1953,-104
-79,1973,23
-81,1959,38
-124,2153,163
27,2344,299
186,2444,299
268,2401,347
230,2128,403
292,2008,396
337,2010,416
293,2027,410
174,1987,505
70,1968,531
141,2021,670
231,2093,767
315,2113,656
346,1993,501
387,1816,354
341,1781,265
335,1848,350
434,1934,580
360,2092,543
312,2109,449
334,1969,499
405,1958,461
517,1984,483
695,2147,671
1073,2104,284
1161,2011,333
606,1861,350
346,1796,132
363,1996,142
458,2104,251
361,2122,296
182,2088,239
87,1927,196
138,1900,337
258,1974,516
316,2015,512
337,2061,530
383,2000,626
477,2022,731
405,2006,651
356,2011,714
291,2018,776
232,2039,743
224,1996,683
141,1956,658
13,1941,590
-49,1925,580
2,1880,568
6,1810,545
-29,1767,564
-3,1749,581
11,1718,660
51,1728,723
126,1761,647
-28,1728,467
-221,1644,410
-343,1680,505
-423,1682,453
-432,1973,617
-385,2166,460
-239,2801,561
789,3889,1064
1069,3003,370
-104,1853,384
-120,1562,208
86,1862,101
470,2662,-7
638,2534,-100
610,1715,-112
614,1505,-70
561,1800,39
547,2025,111
574,2070,112
559,2021,141
585,1926,166
671,1858,82
801,1881,-53
852,1872,52
836,1880,100
797,1895,162
723,1964,237
639,2022,225
519,2003,203
414,2031,203
366,1983,181
371,1977,160
458,1986,204
628,2030,294
741,2003,186
856,1919,129
786,1959,169
646,2001,247
607,1962,217
617,1896,251
658,1865,241
712,1864,209
761,1895,192
841,1952,221
880,1978,159
825,1891,152
672,1852,102
555,1897,163
475,2023,143
409,2084,99
381,2126,136
318,2097,193
264,2047,208
309,2062,175
384,2067,153
476,2102,90
463,2095,76
456,2101,135
424,2126,131
374,2160,64
296,2134,30
262,2047,7
258,2003,7
311,1946,-100
195,1924,-107
10,1951,-106
-92,2043,-235
41,1853,-87
362,1886,36
260,2243,349
354,2229,740
220,2565,995
-209,2506,988
-311,2299,772
-133,1990,727
180,1756,689
411,1789,633
318,1781,781
281,1893,815
285,1893,609
224,1744,535
155,1773,650
5,1770,706
49,1887,772
124,1956,831
44,1925,705
110,1849,670
102,1919,713
54,1953,727
19,1909,743
12,1898,755
6,1930,726
139,1879,606
173,1761,442
189,1746,542
58,1896,725
-28,1886,793
-61,1792,699
101,1715,648
198,1735,727
160,1817,877
146,1855,937
142,1882,928
101,1895,906
58,1892,785
71,1902,754
-7,1976,810
10,2074,816
67,2091,791
48,2115,763
36,2138,756
72,2132,764
76,2108,764
128,2059,710
144,2045,708
175,2048,623
203,1980,584
164,2020,655
204,2122,711
263,2113,761
270,2027,815
174,1922,786
139,1803,730
89,1731,718
6,1675,765
-19,1615,763
-83,1566,744
-237,1501,761
-389,1387,814
-443,1389,600
-384,1759,-29
23,3169,582
847,3253,493
72,2426,-100
-290,1106,553
-147,862,395
517,1686,360
971,2711,748
1491,2737,801
1625,1976,558
1397,1402,131
1033,1717,-164
408,2178,437
386,2464,884
493,2335,671
555,1981,430
826,2099,568
1040,2545,974
976,2568,1053
597,2053,676
266,1825,435
252,2004,476
398,2262,472
436,2306,432
380,2121,383
115,1903,133
-323,1624,-17
-401,1678,-68
-80,1723,121
304,1643,207
724,1595,317
1010,1549,195
910,1549,-95
607,1717,-37
304,2026,285
321,2371,274
410,2419,3
456,2131,-58
370,1964,-238
359,2067,-161
441,2070,131
623,2085,111
726,1980,-159
701,1757,-236
731,1708,-344
665,1861,-399
588,1937,-376
575,1840,-350
710,1706,-413
769,1617,-545
494,1565,-496
-105,1604,-663
-619,1998,-735
314,2164,-238
363,1585,12
-674,1897,494
-1526,3020,1137
-845,3532,893
-53,2960,780
831,2248,450
511,1677,790
148,1396,681
-485,1827,489
-1119,2484,489
-674,2179,595
82,1901,710
247,1683,387
218,1582,164
190,1965,374
301,2552,493
269,2433,617
314,2193,675
390,2215,489
437,2258,438
336,2409,399
306,2419,472
259,2288,383
153,2288,303
200,2402,330
231,2371,367
180,2262,402
168,2333,438
192,2377,409
157,2342,401
39,2255,389
-7,2252,463
15,2246,492
4,2151,495
-18,2163,557
-134,2302,621
-229,2352,675
-253,2308,613
-210,2029,509
37,1899,494
481,1995,295
352,1548,101
-101,1549,223
-515,1664,308
-850,2035,439
-944,2372,534
-804,2482,349
-423,2846,904
265,2079,723
530,1281,-108
412,858,-471
119,1613,311
625,2468,103
650,2481,-36
797,2010,-436
595,1625,-448
293,1639,-209
491,2240,45
948,2685,167
883,2308,205
724,1500,28
708,1410,-154
712,1999,160
924,2209,195
1064,2108,87
1029,1766,-35
673,1917,94
213,1986,15
7,1851,-29
-53,1694,-308
271,1701,-401
555,1891,-512
750,2061,-524
700,2407,-323
493,2532,-437
502,2187,185
1125,1798,-620
1084,1778,-108
434,2207,-337
334,2241,-249
657,1977,-268
398,1773,-265
641,2068,-168
803,1393,-58
687,1682,137
695,1820,284
753,1897,466
857,2580,310
704,2865,-89
178,2432,412
417,2031,607
557,1603,142
192,1608,-112
-50,2014,-40
-166,2163,16
-211,2176,35
-271,2289,92
-263,2299,153
-231,2202,17
-101,2065,-116
148,2016,-163
487,2006,-225
615,1806,-60
334,2004,79
-88,2111,245
-254,2003,332
-396,2310,513
-1060,2478,974
-113,2213,886
714,1854,346
746,1557,574
362,1719,925
77,1785,771
-46,1555,662
-159,1540,1019
87,1705,1259
470,2181,965
584,2399,591
390,1831,610
206,1293,631
386,1499,739
534,1896,955
594,2165,1012
565,1828,906
356,1541,803
78,1274,644
231,2159,420
307,2146,628
309,2257,571
332,2458,736
309,2275,394
369,2046,501
622,2326,888
1338,2073,691
1116,1596,600
714,1566,351
387,1868,552
227,2132,661
418,2020,570
574,1871,436
484,1863,465
305,1980,510
228,2032,525
330,1980,553
477,1908,532
575,1882,533
557,1940,539
477,1980,546
428,2014,570
403,2042,570
380,2038,598
419,2069,592
451,2094,563
461,2091,515
488,2078,489
466,2082,458
423,2100,425
393,2112,393
360,2121,352
325,2087,290
329,2045,270
293,2039,205
256,2024,161
256,1961,117
252,1888,93
248,1841,23
176,1829,56
85,1889,74
67,1975,151
10,2032,211
66,1991,327
92,1963,257
380,1962,363
559,2094,761
598,2327,820
348,2411,765
-190,1785,459
-474,1554,1337
-124,1634,1299
129,1638,1127
54,2048,1354
-50,2027,1392
25,1677,1146
184,1354,1437
221,1337,1566
248,1283,1323
231,1428,1195
481,1790,1046
468,2028,380
-5,2513,60
-826,2537,305
-979,2342,-72
-745,2317,1125
-808,1948,904
-595,1093,427
-258,1522,-56
-315,2108,911
-429,1919,1254
-388,1514,663
18,1544,586
198,1667,462
-99,1632,198
-378,1978,112
-398,3054,757
382,4013,1159
268,3275,-228
-177,1567,-78
-195,1059,345
890,1303,-347
1241,1776,-549
789,2828,-263
-15,2562,-256
-297,1790,-199
-293,1915,-94
69,1971,-25
321,1950,189
405,1880,219
177,1961,196
87,1822,9
597,2297,1013
718,2406,81
615,2217,17
492,1664,-24
139,1527,108
3,1966,54
-172,2245,99
-370,2166,102
-252,2048,-3
20,2113,-42
351,2185,103
646,2153,176
819,2061,226
904,1986,276
848,1920,323
560,2035,284
270,2175,271
73,2226,313
20,2187,260
71,2122,222
171,2110,178
190,2100,184
131,2068,212
62,2046,208
63,2043,212
126,2036,191
172,2054,135
196,2105,107
187,2143,69
155,2121,68
160,2071,113
174,2059,105
188,2094,90
180,2089,52
181,2095,45
191,2098,55
187,2072,54
183,2066,35
198,2078,46
196,2108,37
193,2086,-29
236,2046,65
233,2017,93
203,1977,-17
148,1993,-6
146,2096,-39
171,2138,-37
213,2080,-65
260,1965,-125
263,1868,-168
178,1712,-218
-25,1387,-317
-228,877,-267
-265,291,-121
-436,-12,-63
213,1864,1083
367,2649,926
881,2336,236
1021,2899,468
830,2192,469
509,2512,751
491,4167,1128
521,4465,1277
373,4531,1154
174,4609,1197
240,4556,1043
378,4369,662
392,4018,535
510,3422,319
611,2632,41
308,1228,-192
-354,212,-262
-655,-439,-102
-614,-522,145
-163,-105,102
178,216,28
184,348,283
154,171,170
87,-27,-7
6,-4,-26
75,45,-44
195,9,-25
189,52,-17
61,174,-35
-132,741,-353
-470,1531,-320
-81,2790,-69
207,3262,367
672,5530,2150
-5,4434,757
433,4278,1462
691,4284,1115
1322,4773,932
1368,4951,934
1077,4802,1083
604,4586,865
343,4222,845
352,3713,679
386,2993,367
309,2040,22
123,1113,-276
-74,462,-322
-137,-26,-120
-238,-387,136
-149,-381,73
8,-281,12
193,-24,157
226,293,170
138,454,183
-46,226,219
-69,37,105
-22,-117,-47
81,-171,-69
81,21,-106
-50,842,-320
-173,2301,-356
42,3441,374
644,4243,1569
667,4487,909
946,3438,845
679,4255,1091
532,5292,1166
1161,5282,872
1719,4388,997
1342,4133,888
353,3983,493
-84,4071,597
173,3908,648
593,3055,382
704,2114,4
392,1171,-284
86,469,-207
-94,-102,30
-264,-492,220
-354,-504,213
-99,-58,195
220,482,134
391,457,204
308,215,203
61,-6,111
-88,-267,-8
-200,-274,-108
-155,-70,82
-225,838,-54
-162,2318,-677
75,3191,-136
618,2893,422
981,3133,705
891,4116,685
764,3958,1087
658,4699,1127
779,4808,599
1793,4555,1023
1902,4216,1230
1109,3999,959
419,3896,637
262,3813,707
415,3233,570
570,2460,272
495,1696,-18
175,1078,-105
-46,580,9
-205,34,167
-263,-363,83
-88,-383,-116
77,-88,44
178,128,58
152,365,57
17,397,158
-59,179,100
32,-87,-19
97,-53,-282
-23,806,-491
-272,2314,-415
160,3468,-145
787,3779,814
426,3854,782
662,3192,344
1010,3642,781
1208,3639,650
1160,3830,537
969,3647,481
856,3385,660
808,3531,460
621,2994,194
362,2527,244
201,2260,246
112,1926,226
47,1666,235
-27,1508,230
112,1473,316
210,1246,220
296,996,72
265,803,-79
-38,829,-225
-196,987,-76
-161,1161,-107
-60,1414,-236
207,1815,-190
296,3221,277
843,4650,256
86,3113,-268
52,1609,-299
-163,1562,-436
-30,1842,-188
106,1885,-69
140,1823,-90
201,1725,-45
364,2053,-13
395,2280,-17
260,2190,-19
149,2035,-89
143,2037,-96
192,2071,-116
213,2097,-130
257,2111,-113
289,2091,-68
256,2034,-22
221,2019,-10
169,2049,-35
110,2067,-47
80,2055,-72
106,2072,-81
151,2076,-94
169,2078,-102
164,2073,-95
152,2085,-87
133,2102,-69
139,2085,-62
179,2062,-82
199,2052,-86
217,2049,-80
188,2050,-69
176,2056,-75
141,2064,-87
134,2073,-76
134,2078,-87
128,2097,-83
122,2093,-81
129,2075,-83
137,2067,-82
170,2055,-66
208,2059,-77
215,2060,-82
193,2063,-68
189,2075,-83
182,2064,-55
166,2060,-73
177,2054,-102
174,2071,-100
163,2081,-92
160,2078,-92
159,2060,-85
162,2069,-83
156,2067,-96
155,2072,-91
159,2069,-82
170,2068,-97
157,2078,-90
141,2086,-82
146,2069,-77
156,2056,-86
164,2065,-76
173,2073,-73
169,2066,-87
156,2068,-82
146,2083,-75
148,2079,-81
139,2062,-88
143,2060,-86
140,2066,-77
140,2064,-83
151,2079,-80
143,2076,-86
141,2075,-89
129,2084,-78
128,2087,-74
137,2084,-84
128,2082,-87
135,2078,-79
131,2076,-81
149,2062,-80
156,2057,-81
142,2073,-81
142,2088,-77
143,2070,-65
148,2067,-77
154,2077,-72
156,2080,-82
144,2069,-64
154,2071,-76
165,2062,-65
164,2073,-68
164,2079,-63
151,2062,-67
143,2064,-66
154,2074,-72
164,2075,-62
162,2071,-55
163,2069,-56
163,2065,-56
162,2075,-56
155,2080,-55
156,2086,-57
159,2071,-43
154,2066,-46
163,2055,-42
173,2057,-44
188,2073,-53
180,2079,-55
174,2065,-57
161,2062,-53
155,2067,-55
153,2091,-67
152,2085,-61
148,2076,-49
155,2063,-47
163,2064,-40
171,2064,-47
179,2063,-44
179,2063,-53
183,2064,-65
170,2070,-58
160,2081,-48
162,2069,-45
159,2066,-51
178,2065,-42
161,2060,-51
165,2079,-48
162,2073,-53
162,2084,-52
159,2076,-50
164,2067,-54
156,2075,-48
162,2077,-45
172,2068,-40
179,2059,-45
175,2061,-47
174,2059,-49
177,2077,-50
164,2083,-55
163,2068,-48
166,2074,-43
167,2068,-45
171,2067,-50
176,2066,-47
183,2055,-47
187,2061,-43
188,2069,-48
161,2069,-50
157,2069,-36
160,2073,-37
182,2073,-38
187,2070,-41
168,2068,-42
172,2065,-38
167,2070,-32
169,2067,-40
174,2074,-37
170,2081,-40
178,2081,-47
178,2065,-38
184,2068,-49
180,2065,-36
177,2071,-33
179,2068,-43
177,2067,-45
183,2066,-44
183,2074,-39
190,2069,-40
176,2063,-45
188,2066,-50
183,2070,-35
183,2072,-44
183,2074,-40
184,2065,-44
180,2072,-48
183,2067,-53
183,2062,-44
181,2070,-51
184,2072,-42
189,2065,-50
185,2067,-59
184,2066,-51
179,2071,-41
182,2070,-50
180,2060,-51
179,2059,-37
185,2064,-39
189,2060,-42
196,2064,-45
190,2075,-52
188,2072,-49
184,2067,-46
186,2070,-46
179,2058,-47
183,2071,-64
167,2064,-61
179,2065,-61
173,2070,-61
174,2064,-53
172,2065,-63
178,2076,-58
177,2069,-68
177,2067,-74
177,2068,-60
167,2065,-71
169,2062,-80
173,2059,-66
186,2073,-72
179,2070,-78
180,2052,-78
187,2064,-85
184,2071,-75
175,2057,-84
171,2063,-97
167,2069,-98
158,2079,-99
162,2085,-94
160,2082,-96
149,2078,-107
157,2079,-100
174,2072,-99
196,2063,-106
185,2062,-97
184,2062,-103
183,2058,-100
188,2071,-101
185,2068,-114
176,2070,-104
183,2073,-104
175,2074,-99
183,2070,-101
176,2074,-106
164,2068,-106
162,2078,-102
172,2078,-104
158,2075,-97
137,2100,-104
116,2121,-97
117,2121,-101
125,2092,-145
152,2057,-138
125,2047,-172
116,2036,-150
104,2036,-157
126,2025,-140
158,1998,-146
185,1938,-162
203,1891,-200
192,1976,-146
312,2163,-22
405,2348,-47
404,2271,-92
387,1998,-157
471,1865,-123
431,1990,-83
303,2051,-44
167,2004,-38
121,1979,21
198,2006,43
313,2056,2
449,2049,-6
543,2036,-9
514,2030,22
413,2034,29
296,2021,17
248,1992,24
294,1934,17
363,1956,0
391,2001,-10
438,1996,-25
479,1987,-34
510,1976,-41
485,1950,-38
461,1924,-71
423,1955,-114
410,1962,-135
417,1952,-151
482,1899,-170
611,1864,-352
717,1922,-550
1035,2208,-385
694,2833,-261
466,2788,-282
355,2593,-352
294,2791,-352
414,2683,-517
414,2496,-384
206,2161,-358
34,2243,-260
-12,2257,-156
110,2265,-150
345,2381,-116
523,2223,-43
348,2047,-80
225,1996,56
194,2053,81
353,2236,152
340,1759,141
410,1333,26
363,1353,69
648,1521,248
192,1185,155
190,1209,162
134,1196,195
186,1157,322
293,1268,360
230,1599,516
214,2047,756
411,2706,719
477,3040,733
285,2667,1025
112,2019,1219
172,2726,1074
1,3553,329
-258,2969,152
-106,2154,519
449,1381,163
487,748,-223
509,1188,-230
700,2240,-177
558,2515,-39
-173,2071,421
-216,1923,486
146,1641,164
233,1548,165
268,1797,123
193,2040,88
131,1803,176
127,1725,121
333,1702,-22
396,1738,-46
375,1731,-45
309,1812,15
238,1917,150
338,2020,73
221,2081,75
124,2161,-247
516,2072,-408
1036,2145,-279
936,2663,58
1003,2656,-119
945,2903,-300
1299,2655,-673
919,2456,-539
68,2342,-605
-984,2644,-587
-1274,2766,24
-471,2944,-183
654,2799,-435
1073,2741,-25
770,1884,-161
633,2217,205
479,2200,348
278,1678,452
238,1418,212
431,1353,87
384,1337,240
141,1036,306
6,975,249
-40,884,274
-82,745,343
-65,758,450
33,982,497
164,1499,522
381,2063,776
999,2732,1111
959,3285,376
482,3306,802
717,2768,1572
698,2485,1577
795,3496,1040
-145,3759,840
-735,3145,202
-479,1412,735
183,-218,88
-215,629,-467
179,1755,-788
186,3095,-687
-42,3098,335
-234,1898,836
501,1844,650
643,1202,181
500,1272,-164
632,1922,-57
507,1922,91
324,1745,71
348,1692,165
436,1732,91
406,1759,-48
370,1750,-39
333,1737,-29
210,1727,-88
188,1740,-27
214,1796,98
372,2016,149
551,2242,-83
436,2326,-194
549,2137,-210
843,2238,-110
1165,2373,-137
991,2955,-51
1007,3049,-434
637,3105,-740
251,2720,-824
-313,2447,-932
-668,2733,-440
-848,2397,-533
-315,2256,-132
711,2540,-148
827,2097,-227
699,1793,-191
561,1886,-45
656,2094,219
456,1570,317
373,1383,126
325,1275,184
268,1168,223
101,1100,271
15,1088,282
-41,931,330
-14,873,399
114,853,457
262,1113,550
416,1897,741
833,2879,879
426,3748,-359
178,4214,1022
1078,2988,1902
795,806,1709
579,2064,1234
-134,3514,-60
-1196,2722,-506
-630,2982,637
954,1991,310
341,432,-192
171,825,-479
-160,1491,-544
271,3201,104
-164,2697,786
293,2151,812
543,1601,254
359,1208,-201
310,1471,-161
343,2046,90
302,1787,131
241,1688,228
457,1702,-28
491,1584,-169
351,1635,-95
396,1728,-14
305,1862,126
342,1912,161
532,2127,-103
510,2261,-256
609,2128,-342
810,2175,-45
1013,2343,-4
812,2742,-58
1160,2738,-520
908,2734,-680
268,2895,-728
-355,2947,-831
-1258,2849,-481
-1204,2239,-431
-364,2354,-179
1240,2595,-287
1527,2295,-338
798,2357,-195
410,2249,158
321,2306,336
349,1865,390
81,1305,88
279,1177,109
508,1236,306
-59,1082,145
-20,1052,265
38,954,362
141,825,435
230,825,634
334,1075,440
309,1743,402
237,2719,720
511,3615,126
100,3685,637
428,3048,1922
411,1190,1421
558,2186,614
19,3849,24
-740,2586,53
31,2610,821
936,1969,51
330,681,-16
575,1026,-120
616,1871,-789
128,2254,-416
-538,2292,561
-168,2482,826
0,2126,609
192,1797,212
477,1803,-29
512,1742,-149
197,1519,-123
264,1433,-68
230,1596,-8
396,1980,-102
338,1924,54
247,1843,66
238,1941,72
365,2005,72
405,2008,-19
565,1929,-85
424,1909,-157
515,1904,-214
692,1893,-225
663,2147,-148
475,2571,-79
433,2896,-237
758,3114,-253
1239,2819,-545
1400,2420,-712
692,2575,-652
-261,2706,-556
-950,2484,-383
-1277,2036,-356
-485,1998,-224
456,2224,-318
1176,2197,-95
852,2207,61
509,2151,162
287,2136,212
158,1790,137
113,1713,107
185,1520,196
260,1448,257
117,1385,270
16,1294,320
-7,1165,352
106,1068,443
240,1163,521
213,1314,440
124,1617,400
2,2235,600
706,2581,620
836,2941,348
243,2752,1033
600,2130,1493
966,1401,949
733,2509,774
125,3827,48
-785,4164,116
-676,2361,-248
-6,2306,290
616,1381,135
376,621,-356
159,723,-514
-270,1333,-496
-349,2699,141
205,3479,648
476,2683,435
387,1848,74
246,1733,91
370,1680,-4
447,1771,-222
398,2008,-218
144,2003,-27
-20,1910,-57
104,2031,-106
293,2129,107
440,2110,233
414,2148,388
435,2215,315
483,2131,166
661,1997,-103
342,1749,-464
293,2152,-424
157,2164,-318
108,2094,-159
121,2028,-21
100,1886,23
151,1975,-54
335,2091,-67
493,2166,-63
584,2187,-53
447,2107,4
327,2002,54
222,1984,11
239,1994,6
272,2003,-12
334,2011,-4
312,2043,-22
177,2120,-9
63,2168,25
32,2140,-29
24,2074,-55
84,2026,-61
138,2037,-71
156,2090,-51
129,2146,-51
119,2155,-33
104,2100,-65
148,2081,-51
253,2074,-43
367,2120,-80
390,2101,-108
411,2054,-95
417,2034,-122
357,2049,-20
268,2078,41
287,2083,-33
358,2096,-64
474,2085,-110
625,2038,-126
620,2017,-130
601,2004,-130
598,1990,-135
552,1982,-201
509,1983,-200
437,1962,-87
479,1948,-21
549,1947,18
492,2030,-4
297,2208,69
-4,2315,206
-64,2053,143
-92,1869,-7
23,1740,-224
147,1840,-161
325,1954,-75
466,2125,119
495,2031,296
494,2086,350
403,1975,309
391,1884,222
248,1978,125
104,1978,-22
51,2135,0
112,2307,112
151,2353,158
96,2246,70
92,2217,-106
207,2297,-15
292,2487,142
260,2496,334
414,2199,448
439,1704,171
682,1612,87
714,1791,-88
617,2029,-75
512,2036,18
227,1811,-5
347,2057,3
536,2169,156
693,2120,103
724,2174,66
709,2148,61
613,1989,10
454,1923,12
299,1859,-18
269,1903,72
458,1982,19
720,1846,-190
730,1623,-128
415,1689,185
372,1738,217
653,1660,317
787,2030,505
637,2350,598
433,2357,562
423,2316,685
526,2313,662
489,2243,775
380,2255,831
407,2045,826
585,1903,774
575,1723,688
468,1630,657
354,1661,694
298,1654,698
387,1763,739
411,1790,783
433,1826,807
427,1762,783
461,1744,813
481,1688,770
505,1616,738
478,1585,751
401,1584,739
351,1636,755
255,1696,819
207,1755,875
302,1919,882
388,1864,978
441,1815,1016
540,1675,976
637,1589,1003
633,1664,1080
474,1710,1158
187,1970,1239
-63,3043,1273
399,3563,599
328,2904,597
-132,1103,918
-48,1319,400
346,2208,-257
385,2363,-152
286,2202,112
234,1877,249
267,1925,318
279,2015,235
10,1912,87
74,1892,271
340,1900,324
524,1830,76
448,1809,195
321,1640,136
201,1717,53
305,1702,97
385,1876,220
453,1819,126
448,1722,70
422,1689,124
561,1783,-63
662,1940,-345
550,2184,-207
404,2163,-103
533,2330,-23
608,2766,30
437,2611,-9
1125,2481,-447
768,2984,-119
947,2762,-531
686,2591,-817
-34,2327,-801
-525,2235,-644
-640,2431,31
-166,2475,-309
561,2659,-380
862,2174,-258
578,2221,-137
200,2066,-44
190,1991,48
396,1688,132
269,1296,173
464,1142,154
364,1126,140
121,1108,325
102,1155,374
-53,1072,401
-68,865,368
22,836,487
180,1034,515
293,1803,622
579,2860,982
684,3720,154
18,3953,488
699,3604,1984
751,1651,1870
1059,2498,1634
413,3096,218
-1015,1742,-522
-1098,1735,126
439,2337,334
560,1568,92
79,1136,-530
-629,1364,-532
-199,2799,79
113,2690,492
225,1780,605
414,1368,91
495,1404,-229
340,1714,-105
191,1893,125
121,1848,216
262,1683,13
434,1576,-131
541,1705,-41
433,1943,90
347,1986,71
483,1847,0
559,1785,-296
551,2079,-447
220,2333,-318
429,2248,-502
584,2378,-180
261,2575,144
409,2400,-84
866,2541,-281
1009,2763,-201
887,2827,-487
602,2430,-1040
-95,2399,-891
-634,2569,-259
-653,2221,-330
-15,2601,-13
950,2535,-229
694,2005,-283
658,2065,-155
308,2089,200
230,2116,324
155,1708,120
217,1422,2
379,1289,108
305,1135,208
143,1130,387
-45,1277,349
-9,1149,353
0,896,310
79,830,405
203,1017,429
335,1719,677
534,2550,1192
731,3519,166
436,4142,738
657,3245,1988
211,2352,2038
403,2991,897
-66,3053,358
-640,1814,-79
9,1797,163
407,996,70
210,860,-251
-37,1382,-553
-120,2868,-183
180,3086,413
-68,1866,694
329,1565,405
434,1262,-13
446,1561,-18
361,1950,122
223,2028,167
148,1677,181
242,1566,130
406,1554,-51
346,1671,-130
226,1885,-4
237,1893,91
331,1991,302
573,2104,87
652,2075,-273
521,2148,-37
606,2107,-132
823,2281,-226
913,2467,63
446,2987,153
853,2933,-325
1036,2743,-693
377,2453,-567
-222,2555,-603
-891,2612,-217
-983,2321,31
-331,2298,-86
623,2461,135
1096,2217,-91
863,1993,54
496,1997,278
329,1988,470
173,1770,349
167,1440,219
214,1197,110
210,1031,316
118,1111,526
-29,1182,528
-67,1097,548
113,978,523
243,977,595
322,1380,660
371,2182,797
609,3045,620
255,3622,275
350,3375,1421
457,2010,1647
474,794,1392
312,1533,1411
41,3462,435
-736,4135,-584
-693,2843,281
443,1835,411
-102,610,-107
230,868,-209
553,1558,-439
243,2711,-403
-489,2489,508
92,2290,919
523,1836,294
255,1497,94
326,1624,118
296,1799,-21
198,1762,96
108,1615,185
273,1757,21
384,1776,124
314,1702,116
393,1862,120
328,1918,157
392,2136,293
516,2261,96
521,2209,-29
855,2057,-53
1034,2147,27
950,2277,237
989,2531,-206
914,3067,-270
809,2903,-552
127,2726,-608
-737,2858,-431
-1068,2789,-6
-641,2598,0
168,2462,-203
1210,2310,-181
1135,2275,327
718,1988,321
653,2318,423
380,1514,372
299,1367,332
370,1410,421
315,1387,530
79,1191,407
-71,1047,481
-31,973,472
73,939,486
131,989,578
247,1316,722
403,1754,831
413,1994,806
323,2127,703
216,2608,652
-61,3105,752
-71,2798,1132
36,1982,1217
-354,2332,1532
-254,3065,1351
34,3287,713
-159,2708,193
213,1911,176
365,929,-59
589,886,-96
638,1763,-314
337,2472,-58
64,2247,438
126,2003,569
161,1913,401
44,1430,180
-38,1568,80
167,1884,106
232,1926,289
261,1854,319
319,1643,303
328,1569,138
395,1752,89
336,1734,50
253,1686,74
196,1767,213
139,1944,287
367,2048,202
387,2064,12
661,1922,-171
1232,2114,-354
1160,2616,83
1106,2645,-60
894,3024,-18
1011,3117,-406
850,2935,-657
179,2663,-742
-497,2724,-668
-924,2406,-118
-628,2110,-164
51,2279,-157
742,2654,-46
758,2141,-226
528,1927,91
458,2260,355
472,1966,374
315,1543,304
226,1320,123
308,1143,177
231,1177,336
-20,1158,271
-23,1074,330
85,928,440
193,1026,612
296,1421,787
321,2164,698
392,3065,47
20,3269,100
229,3342,1573
146,1569,1607
585,1893,853
254,2986,-85
-362,3626,-298
309,2836,439
736,1662,175
-61,500,-203
117,973,-106
-511,1959,-554
-565,3375,92
-574,2381,860
203,1828,355
620,1802,92
657,1973,-27
440,2043,-129
141,1948,-6
87,1965,-4
172,2008,49
186,2125,106
245,2182,117
388,2064,97
347,2018,82
271,2091,74
369,2095,-12
583,1984,-239
579,1941,-319
431,1879,-26
558,1834,0
695,1935,52
621,2114,3
209,2275,-125
255,2372,16
103,2442,106
-445,2624,242
-628,2389,223
-288,1942,106
139,1675,189
341,1634,234
212,1783,339
15,2036,448
-54,2054,374
39,1972,325
161,1920,394
190,1793,334
247,1744,240
209,1912,161
137,2131,139
46,2137,81
-94,2206,152
-80,2512,300
-16,2782,251
-79,2635,139
-20,2150,15
19,1816,66
48,1766,120
72,1841,128
72,1925,131
70,1980,105
146,2057,48
156,2151,45
121,2226,50
92,2188,47
109,2112,-1
117,2039,1
80,2017,3
2,2027,8
-23,2073,10
-25,2089,-10
10,2100,-11
35,2094,-26
5,2102,-17
-30,2139,-1
-16,2136,-7
30,2083,-56
41,2089,-45
41,2094,-2
93,2074,-14
139,2060,-26
148,2068,-41
138,2077,-56
126,2097,-12
114,2083,-3
100,2058,-8
86,2044,-30
63,2079,-27
60,2095,8
86,2068,9
125,2083,-28
111,2118,-40
77,2122,-56
-5,2109,-54
-33,2124,-15
-70,2107,-59
-92,2123,-52
-75,2145,-28
-28,2106,-32
-36,2123,-33
-59,2289,-86
100,2326,2
127,2169,-107
-2,1867,99
25,1681,439
224,1828,413
311,2051,381
147,1883,284
-200,1814,250
-529,2037,278
-462,2297,280
-310,2313,209
-213,2226,280
-209,2177,250
-183,2129,264
-119,2059,190
-171,1918,132
-301,1894,182
-301,1979,206
-290,2032,203
-280,2036,332
-172,1987,394
-102,1894,403
-97,1861,447
-140,1839,578
-184,1749,782
-80,1838,758
-140,1876,425
-242,2122,-67
-184,2768,-332
-11,3237,-134
431,2276,245
441,1790,-6
1399,3012,304
1412,2853,264
442,1566,-20
405,1196,-174
321,1491,-127
201,2178,-183
-135,2475,112
-235,2128,186
42,1970,161
408,2018,83
594,1998,14
532,1966,138
362,1942,213
274,1989,245
348,2039,193
416,2067,120
399,2108,153
342,2037,194
295,1893,142
249,1997,105
249,2074,91
310,1971,55
334,1951,71
352,2034,128
306,2111,105
259,2197,37
133,2296,-168
-100,2270,-150
-147,2160,47
-137,2090,362
23,2048,590
461,1893,562
618,1959,790
465,2327,972
730,2109,936
706,2040,783
348,1809,645
174,1519,560
143,1320,482
99,1400,542
29,1637,693
12,1992,875
102,2166,835
173,2055,615
132,1856,519
-45,1828,521
-136,1942,583
-125,2018,632
-87,2007,650
-70,1957,558
-59,1889,567
-82,1856,514
-108,1966,465
-293,2081,550
-402,2239,546
-322,2503,284
-139,2477,336
16,2259,214
109,2482,258
461,2940,131
484,2329,-81
167,1498,156
206,1172,-19
639,1694,-214
633,2340,137
625,2477,134
499,2105,63
610,1884,-13
719,1896,-51
671,2015,-87
601,2035,27
591,2082,84
584,2001,157
397,1954,172
233,1992,228
123,2096,226
126,2093,273
69,1962,355
221,1892,178
368,1933,207
478,2018,27
380,2116,-16
347,2052,-36
352,2037,-124
371,2098,-121
301,2124,-2
261,2070,35
280,2015,96
318,2055,146
318,2093,143
345,2073,85
389,2042,24
443,2017,30
440,2003,60
402,2012,59
341,2052,78
262,2075,70
237,2092,74
279,2088,92
350,2057,74
400,2040,79
407,2014,91
381,2023,78
317,2076,52
237,2097,75
195,2083,68
206,2058,63
254,2053,97
266,2042,96
279,2041,83
270,2075,94
234,2086,75
216,2080,86
223,2065,87
240,2065,93
257,2067,103
272,2052,137
311,2011,136
359,2013,130
393,2040,150
389,2028,157
361,2006,169
423,2012,157
469,2013,151
482,2013,144
457,2014,161
432,2028,155
418,2035,159
409,2039,148
398,2048,141
367,2073,127
324,2076,103
256,2055,119
214,2056,128
209,2064,142
248,2036,110
275,2015,118
287,2025,120
287,2055,145
322,2071,159
339,2056,160
307,2029,131
248,2024,114
168,2066,107
161,2080,114
189,2066,102
245,2051,112
288,2051,117
290,2045,133
358,2076,123
467,2118,67
364,2084,92
327,2023,116
278,1992,102
188,2010,164
171,2046,139
176,2041,60
209,2074,55
179,2090,33
120,2055,66
179,2041,74
209,2066,63
199,2077,107
216,2087,84
220,2075,81
207,2057,67
162,2038,77
216,2033,100
309,2051,127
309,2067,109
272,2086,95
252,2054,113
250,2040,107
244,2055,106
251,2074,104
250,2054,89
253,2030,108
302,2047,115
336,2054,114
335,2055,103
329,2072,86
304,2048,71
288,2052,78
289,2047,90
322,2030,84
357,2030,75
339,2048,83
324,2064,89
315,2054,80
295,2056,70
301,2075,78
310,2057,95
300,2041,103
309,2029,85
269,2052,74
248,2060,93
252,2059,95
273,2069,85
266,2066,79
252,2059,94
254,2047,97
265,2044,81
270,2057,87
261,2067,92
264,2061,100
274,2049,115
301,2042,120
300,2040,116
303,2042,117
310,2049,116
312,2044,117
263,2048,105
231,2066,109
219,2058,104
250,2055,101
277,2052,100
271,2043,102
296,2047,106
322,2045,117
331,2053,112
325,2056,116
329,2043,116
290,2044,111
280,2051,111
276,2037,105
258,2053,92
260,2056,98
260,2050,95
280,2057,100
278,2054,95
281,2048,104
277,2059,97
270,2058,101
268,2066,96
264,2051,86
258,2045,93
271,2045,98
269,2069,88
267,2059,85
257,2054,73
258,2046,97
260,2059,100
282,2060,101
284,2053,88
280,2047,96
263,2036,93
261,2043,105
285,2059,101
292,2047,90
281,2047,88
286,2049,96
280,2044,102
284,2065,111
288,2047,93
278,2047,83
273,2046,90
270,2048,92
283,2071,102
290,2062,91
294,2046,78
286,2044,67
278,2057,67
273,2059,78
258,2057,97
278,2049,88
295,2038,73
299,2033,78
333,2047,76
346,2054,77
338,2059,69
315,2061,71
327,2055,70
330,2038,61
326,2036,52
311,2048,67
342,2073,56
338,2141,43
287,2147,-11
225,2065,48
241,2015,43
320,2005,59
358,2006,72
357,1989,83
351,2021,80
389,2047,74
395,2063,78
402,2053,69
365,2050,58
356,2049,57
338,2020,66
331,2002,18
349,2041,41
439,2069,9
476,2039,-64
414,1972,-42
407,2049,91
469,2114,124
553,2057,165
554,1950,153
505,1917,190
560,1981,180
605,2024,141
578,2071,73
471,2072,95
405,2033,51
398,2029,45
435,2008,0
427,1991,-6
454,1998,5
554,1973,17
607,1969,43
681,1974,68
782,1958,27
814,1979,-30
742,1970,14
772,1916,-16
715,1906,13
543,1916,28
138,1989,106
127,2090,130
488,2105,-200
134,2162,99
-280,2217,298
-498,2532,502
-426,2789,538
-278,2654,414
-281,2382,510
-169,2112,655
20,1906,522
26,1869,646
0,2048,837
76,2062,824
131,1862,724
154,1738,534
225,1713,510
141,1767,655
225,1906,747
397,2001,595
470,2013,473
634,1810,349
660,1655,326
564,1772,254
470,1834,489
520,2009,528
355,2044,573
170,1846,739
280,1706,721
553,1628,622
729,1670,500
618,1722,467
364,1723,536
296,1801,585
352,1938,622
367,1915,662
368,1847,619
403,1780,616
446,1805,684
542,1901,753
469,1911,879
333,2836,1047
521,3638,519
404,2650,239
60,1371,570
-43,722,323
237,1595,409
835,2698,231
716,2637,-339
114,1985,-86
132,1778,389
399,1820,324
264,1806,321
499,2017,263
560,2021,178
396,1940,242
481,1963,282
551,1956,124
354,1915,166
222,1845,178
369,1867,207
417,1982,224
431,1926,250
434,1925,248
439,1838,211
476,1866,298
498,1891,271
469,1952,168
474,1971,184
643,1865,82
936,1781,-200
777,1941,-349
524,2250,-363
243,2870,-113
-144,3808,-4
-226,3415,-23
-82,2463,-155
206,1940,33
494,1803,-97
540,1868,208
521,2086,496
534,2164,312
463,2018,214
420,2080,498
37,1858,639
4,1782,550
5,1740,568
209,1703,529
329,1653,549
396,1530,514
421,1424,489
431,1495,568
336,1230,446
383,1486,377
372,1829,523
480,2104,807
638,2253,841
519,2166,781
474,1822,686
475,1741,495
344,3001,451
-32,3357,180
-54,2831,117
460,2405,25
385,1495,-258
-140,901,-365
-268,1306,31
-38,1772,275
576,2242,528
832,2442,441
747,2381,329
623,1989,166
541,1760,156
510,1917,186
388,1946,168
264,1963,123
240,1888,119
395,1832,54
568,1893,14
593,1937,67
656,1978,133
711,1985,145
775,1940,131
834,1814,76
857,1718,-85
642,1899,-380
471,2365,-702
239,2947,-514
101,2922,-333
-201,2658,49
-178,2212,178
854,1918,28
1272,1848,-28
1282,2347,230
1100,2991,470
620,2697,635
79,2182,579
-60,1676,249
174,1560,106
498,1397,165
727,1348,324
635,1295,120
590,1365,8
477,1665,-140
343,1364,-338
210,1263,-728
-57,1593,-1031
-853,2471,-883
-1146,4029,261
517,3873,622
860,1711,426
582,796,-989
881,1952,-7
1541,2513,909
610,2729,299
-54,2521,-38
-74,2123,-99
-88,2001,-150
177,2019,-94
506,1951,-162
569,1945,-226
481,1852,-131
501,1921,-103
440,1905,-73
431,1852,-47
413,1811,-129
295,1845,-209
283,1857,-152
392,1874,-164
528,1851,-189
466,2005,-277
426,1999,-192
430,2008,-197
480,1857,-242
477,1845,-323
421,2049,-389
489,2327,-493
664,2798,-571
522,2941,-574
81,2754,-386
84,2714,-382
591,2998,-369
834,3053,-356
981,2778,-352
801,2491,-398
322,2219,-238
222,1983,-65
438,2161,21
687,2400,-45
731,2549,-168
780,2249,-122
651,2301,-101
94,2542,18
-222,3213,326
111,3791,469
548,3868,642
598,3564,662
371,3197,508
89,3081,768
191,2964,755
-69,2320,523
54,1311,411
67,126,435
-109,-246,183
106,-367,131
-138,-461,220
-422,-440,415
-253,-480,637
170,-513,502
515,206,153
262,1423,-849
195,2336,-1000
539,3666,-968
-468,2806,-210
-762,1899,280
485,2847,356
1445,3264,135
980,3354,730
770,3274,445
920,3487,211
1190,3648,266
1235,3586,33
607,3413,-75
187,2815,-29
0,2520,115
237,1601,58
230,573,70
36,215,-43
-76,273,-124
-226,536,187
-225,779,253
-441,1105,209
-269,2117,-33
-57,3280,-115
672,4463,75
850,3666,295
792,3745,796
959,4442,882
594,3500,867
222,2488,1060
162,2166,1015
313,2338,990
139,1923,954
350,524,1019
173,-556,457
-505,-930,384
-697,-1198,389
-389,-1331,345
188,-1043,-166
156,306,-682
820,2355,-985
607,4877,-791
361,3589,31
-456,1462,-28
-216,1641,33
464,2254,-176
500,3718,207
319,4020,382
652,3600,448
1093,3235,118
1477,3138,-287
1059,3256,-565
604,2939,-75
78,2608,115
61,2108,14
244,1236,47
287,458,32
218,302,62
138,586,42
-146,820,131
-691,887,34
-739,1316,-477
-131,1830,-157
333,2535,208
813,3425,471
779,4200,632
1059,3767,867
1294,3680,1118
919,3048,956
513,2867,1373
213,2958,1619
-12,2645,1576
40,1785,1253
406,1178,1033
484,504,1231
126,-299,841
-184,-695,716
-342,-1199,596
-327,-1429,33
-60,-905,-660
47,523,-884
267,2755,-1200
-18,6343,-1203
654,4673,593
-362,1178,860
138,1594,-18
180,2254,-257
987,4541,-170
1059,5068,67
674,3881,-22
840,2798,-146
771,2167,-149
442,2172,68
367,2150,414
543,843,278
488,178,148
316,72,220
85,165,605
-77,552,795
-155,1438,-245
-906,2304,-1506
-676,3120,-612
-263,4225,130
812,5378,755
2054,4551,728
2222,3910,778
1542,2985,569
727,2261,719
438,1850,898
-62,1551,918
-359,809,725
-108,-295,247
332,-1437,316
95,-1374,403
115,-1368,203
293,-802,-456
193,698,-831
-352,2552,-1382
-416,7083,-1155
-169,4172,993
-152,1259,978
510,2220,-217
2086,4356,224
1784,4142,-111
864,3546,-227
354,2869,-296
374,2417,94
570,2121,507
476,2063,554
516,741,21
241,-28,65
194,-83,285
-26,241,531
64,993,521
-410,1913,-200
-501,2847,-843
204,3782,641
894,4231,408
1233,3972,646
1366,4083,712
1284,3813,898
912,3105,943
667,2304,1089
492,1784,737
433,1034,480
229,448,518
-82,-147,595
86,-1122,620
-117,-1596,370
-237,-1659,44
-125,-688,-400
22,1010,-1260
-511,4051,-1648
183,7858,-192
324,2921,1953
268,1694,769
666,2272,146
1090,3592,-99
1388,4207,160
1126,3724,78
635,3141,-452
707,2363,209
-53,1910,221
74,1378,88
233,471,75
211,170,88
487,500,275
511,338,213
210,305,447
421,587,199
31,1282,-855
5,2550,-1676
138,2771,63
148,4861,1615
236,4249,510
1128,3759,741
2281,3803,650
2326,2962,666
1989,3033,944
1225,3201,1071
327,2572,970
41,1841,722
196,1135,433
141,91,304
38,-529,115
-83,-557,55
-114,-532,87
121,-560,359
361,-471,-183
127,-4,-612
-150,680,-333
-332,2382,-1056
459,5616,293
634,3428,1023
118,2308,655
441,2417,638
827,3124,739
926,3871,449
981,3785,479
1246,3533,492
1491,3033,299
1378,2636,50
992,2327,76
809,2059,269
716,1547,418
1015,821,331
688,140,159
91,133,48
-261,468,271
28,803,-335
-16,964,-575
509,1524,-722
562,1980,70
-43,2892,147
-425,3203,-206
-166,3120,-107
693,3037,15
1394,2334,13
1199,1842,132
792,2295,226
534,2543,390
531,2485,473
580,2094,467
556,1837,395
434,1430,285
420,1244,243
445,1134,239
403,1005,123
257,1015,45
207,1057,88
316,1189,431
618,1503,514
756,1820,-9
258,1929,-283
-655,2554,-293
-1268,3274,184
-656,2446,658
177,899,655
845,1996,-1350
1408,3707,-233
1356,2590,1368
1042,1050,16
620,1180,-601
471,1771,-270
321,2256,-40
212,2379,-1
146,2115,54
137,1968,159
264,1923,212
364,1968,180
515,1970,152
554,1971,101
596,1946,-51
430,2093,-112
220,2102,-38
290,2110,-50
135,2179,-24
-59,2135,59
-70,2032,67
117,1827,4
325,1781,-34
393,1988,-16
233,2261,23
-59,2377,124
-284,2373,148
-196,2215,143
62,1888,170
356,1777,110
491,2067,147
384,2165,67
217,2006,30
148,2005,104
155,2046,75
273,2072,8
331,2136,42
232,2147,16
125,2127,5
124,2087,-15
142,2048,-32
125,2020,-73
167,2080,-22
172,2109,-18
186,2088,-21
203,2050,-35
216,2056,-48
196,2080,-47
154,2069,-50
114,2067,-75
126,2085,-74
143,2088,-65
160,2059,-47
182,2052,-59
201,2061,-59
213,2066,-72
202,2064,-75
185,2065,-70
178,2085,-69
165,2093,-54
178,2089,-55
193,2085,-51
196,2097,-46
201,2092,-33
201,2071,-30
201,2068,-32
209,2059,-39
217,2061,-38
191,2060,-35
186,2064,-40
169,2065,-39
184,2070,-29
196,2064,-29
200,2062,-33
214,2071,-31
197,2063,-21
188,2058,-31
192,2057,-30
198,2060,-33
198,2064,-31
195,2075,-30
197,2073,-26
188,2079,-23
167,2068,-15
171,2062,-14
168,2053,-21
171,2069,-12
185,2093,11
193,2089,7
197,2084,10
206,2067,9
204,2049,19
206,2049,27
201,2072,31
214,2060,23
224,2041,28
229,2041,34
233,2050,12
223,2067,15
194,2079,20
182,2082,21
193,2073,31
188,2073,25
192,2065,22
184,2061,23
178,2075,16
179,2058,15
179,2061,8
186,2056,5
188,2076,6
196,2068,8
190,2073,5
194,2067,10
188,2063,-3
201,2056,7
209,2059,2
201,2070,7
209,2061,1
201,2061,4
195,2068,7
193,2065,6
185,2080,3
177,2061,3
166,2063,-4
163,2073,1
173,2082,-1
170,2077,10
180,2068,9
199,2058,-3
202,2070,6
208,2065,5
199,2067,5
202,2063,7
196,2067,4
195,2063,6
204,2076,8
186,2062,8
191,2061,22
202,2057,18
200,2066,21
208,2066,25
205,2062,13
204,2069,19
199,2064,23
200,2069,19
203,2066,16
208,2064,12
215,2056,16
222,2053,16
218,2066,31
215,2059,29
206,2073,10
202,2077,13
186,2068,9
186,2074,7
184,2085,8
196,2070,19
187,2066,25
198,2063,4
213,2056,14
201,2065,16
192,2066,4
186,2072,7
197,2078,-6
205,2076,4
189,2077,21
175,2086,18
207,2070,-9
217,2047,10
188,2055,30
188,2076,17
200,2073,30
197,2063,20
191,2059,19
187,2069,37
191,2079,48
187,2076,31
178,2079,28
180,2066,29
185,2062,32
194,2068,35
197,2066,26
195,2061,35
193,2052,29
188,2073,33
194,2082,29
206,2072,25
203,2081,45
184,2086,41
185,2089,15
169,2101,6
128,2101,19
160,2079,0
229,2077,-23
270,2077,-61
276,2049,-121
274,2015,-132
313,2018,-188
357,2008,-246
397,2020,-285
489,2032,-252
554,1998,-207
535,1928,-138
499,1881,-19
470,1928,97
342,2024,253
183,2108,235
187,2125,163
250,2128,82
260,2125,109
328,2101,136
424,2038,124
516,2015,121
556,2040,105
536,2066,93
528,2021,38
541,2012,-7
678,2001,-46
829,1985,-162
898,2007,-242
926,2029,-263
924,2050,-233
855,2058,-237
599,2052,-191
324,2070,-67
104,2153,40
-74,2383,90
-230,2215,240
-135,2240,790
257,2556,618
431,2534,657
293,2315,511
-386,1816,393
-668,1861,732
-316,1944,823
260,1622,671
446,1218,561
410,1211,617
255,1275,724
122,1169,786
128,1131,755
141,842,728
250,470,617
398,287,507
420,434,560
450,1015,684
515,1668,838
601,1913,978
462,1953,1041
296,2008,755
135,1918,643
217,2035,656
142,2312,815
-171,2405,717
-245,2097,454
-47,1362,226
140,811,-225
391,547,-45
1073,600,-68
495,2550,-49
1468,8191,3957
859,3017,-400
141,-399,-172
1136,-348,-843
1691,1721,150
428,3225,288
-515,3350,1141
546,2532,920
1457,2060,1092
1113,1572,689
519,1195,-122
229,1279,-300
239,1243,-27
111,804,-7
433,1096,261
461,1006,-77
586,861,21
457,942,165
341,1730,1139
182,2228,1509
-317,2592,1783
-794,3271,2052
-120,2603,1608
461,2210,1588
990,1711,1126
1017,1416,1199
947,1744,1339
982,2204,1229
897,2291,977
593,2140,656
284,2068,450
-10,1872,732
-33,2063,885
261,2270,668
583,2007,595
502,1685,583
467,1644,517
566,1596,453
130,1563,195
-209,1378,-216
6,1561,-127
362,1404,-551
375,1296,-703
326,1739,-178
124,4472,1359
1113,4495,456
1052,1383,175
1284,655,240
1324,1499,489
781,2061,266
664,2966,735
1101,2347,1110
1397,1688,850
1079,1501,686
674,988,603
659,1158,529
494,1325,213
184,1509,-164
119,1377,-394
150,1107,-478
413,1151,-9
552,1752,656
130,1550,729
219,2006,1218
-290,2695,1710
180,2943,1690
-318,2372,2056
-390,1973,1822
-128,1338,1670
595,1164,1294
1071,1364,1215
1099,1857,1271
963,2410,1363
429,2401,820
-62,2263,552
-174,2051,578
-235,1430,290
-152,619,-176
125,-37,-132
134,-187,-301
-139,1006,-104
417,2589,146
1037,2429,-125
33,3710,327
2198,6014,2666
1414,1225,-508
1009,781,545
892,1474,367
909,2155,605
769,2709,648
551,2290,710
564,1247,296
557,1182,81
473,1384,150
383,1024,109
603,980,9
680,1666,372
-183,1831,776
-149,2195,1220
-148,2816,1521
344,1745,1281
79,1449,1593
0,2191,1512
124,1772,1734
447,1614,1701
888,1762,1399
1091,2151,1026
675,1940,1164
155,1734,917
-30,2054,568
42,1560,404
-241,791,-7
-458,1128,-400
-426,1626,65
621,1767,84
329,2875,-366
2089,8191,2576
1717,1211,-530
862,-594,477
1062,482,163
917,1897,96
1188,3834,-237
459,3666,1182
532,1887,817
1257,1839,687
1340,1923,675
1281,1727,598
1330,1704,443
1081,1527,117
459,1179,-444
57,1167,-767
-182,1055,-483
124,1178,68
598,1715,543
404,1619,310
19,1587,470
-6,1850,577
98,2216,814
71,2010,1295
-235,1534,1250
-23,1554,1336
285,1923,1422
716,1769,1352
961,1655,1306
971,2051,1034
723,2315,909
209,2582,757
17,2110,326
11,1445,-16
-242,436,-241
-406,-32,-305
-557,594,-121
-206,1846,-231
985,3701,510
1072,3451,-128
790,4448,1365
2105,2662,557
1522,1220,322
888,1324,8
1090,2094,188
642,2565,341
563,2961,986
637,1998,961
1024,1515,218
1097,1503,17
761,1456,-95
447,1196,-105
350,1238,64
319,1405,247
-389,1849,333
-575,2288,643
-212,2201,1150
-326,1917,1043
143,1693,1346
-10,1792,1260
376,1619,1476
515,1678,1472
834,1967,1332
987,2202,1019
746,2133,1133
407,2086,989
335,2190,620
326,1811,419
28,1228,89
-130,680,-241
-342,654,-534
-225,1152,-31
688,2306,238
712,2922,162
-241,5530,228
1853,5825,2254
1024,-248,-780
1677,960,430
1239,1316,243
1208,2557,-260
387,3105,705
91,2248,790
653,1559,545
1103,1654,609
1297,1571,575
1198,1399,156
1322,1722,1
1013,1700,-206
764,1675,-242
483,1520,-80
404,1514,251
332,1349,275
143,1246,290
114,1622,295
333,1884,281
883,2633,640
-93,2845,1792
-337,2960,1481
-259,1899,1674
6,1422,1577
274,1300,1067
244,1266,1094
644,1192,823
750,1205,984
705,1467,1077
596,1760,1013
346,1833,707
-5,2138,421
99,2529,509
480,1714,456
451,854,132
103,876,-47
6,1343,297
473,1404,437
327,1351,453
-148,2495,142
249,4657,4
438,5611,-936
2045,6984,962
1356,558,-828
925,19,-432
839,1102,316
1377,3920,-104
42,4531,-136
-155,2774,419
737,1880,-71
687,1603,-140
433,1859,-240
206,2130,-226
-4,1968,-176
102,1703,-149
289,1843,-34
497,1901,-19
673,1879,69
746,1854,127
686,1876,125
693,1844,41
810,1631,-116
803,1550,-336
812,1720,-463
629,2060,-639
562,1961,-335
357,2144,260
-136,2791,577
-586,3132,185
-644,2787,179
-422,2271,249
-82,1763,145
320,1559,111
525,1617,216
357,1851,130
216,1976,319
136,1851,210
-11,1624,224
27,1695,294
189,1897,366
306,1918,238
140,1924,209
113,2019,428
98,2075,278
192,2405,-194
69,3414,-201
877,4278,666
830,2378,-201
355,608,-451
654,191,-749
587,1212,-267
763,2750,201
647,2921,245
840,2212,61
1001,1845,-76
866,1863,-124
461,1975,-199
294,1997,-90
401,1924,9
461,1899,-3
692,1897,-161
859,1953,-148
809,2084,-3
623,2023,147
586,1841,130
648,1814,-29
715,2013,66
695,1981,15
526,2142,-44
644,2197,27
389,2118,-27
-34,2167,106
-66,2201,195
29,1987,20
98,1726,-34
232,1646,100
347,1809,140
382,2053,108
467,2205,136
564,2234,208
420,2172,200
362,2194,259
430,2081,227
443,1945,144
466,1955,125
493,1988,158
456,1990,189
418,2016,216
431,2020,187
429,2005,152
386,2038,145
366,2042,164
341,2037,154
304,2012,113
277,2034,70
255,2069,75
216,2061,89
223,2059,92
252,2060,86
291,2046,76
309,2031,94
301,2031,100
303,2059,105
311,2051,97
301,2033,89
303,2054,82
299,2047,78
290,2037,69
288,2046,65
283,2047,64
273,2060,67
285,2057,78
295,2049,67
286,2044,66
282,2060,62
279,2070,54
276,2065,47
268,2072,45
280,2056,55
288,2065,60
285,2076,58
287,2047,51
297,2058,58
299,2049,61
309,2052,48
300,2045,57
298,2049,49
312,2064,46
324,2059,64
298,2053,68
302,2043,54
323,2046,55
321,2053,59
306,2046,57
292,2050,60
293,2051,57
314,2052,62
303,2058,57
299,2049,48
291,2047,41
306,2045,49
310,2049,57
309,2054,55
317,2045,49
313,2057,54
312,2057,50
309,2048,53
311,2043,53
296,2049,45
305,2058,54
310,2059,51
311,2052,46
313,2055,48
317,2052,48
309,2050,59
298,2049,57
310,2056,48
308,2042,53
313,2041,52
307,2051,39
290,2051,46
298,2073,39
312,2044,39
304,2041,44
285,2053,49
299,2058,37
304,2052,46
300,2039,58
286,2041,42
286,2051,51
298,2053,42
294,2050,46
311,2055,53
307,2060,50
304,2056,58
312,2057,69
320,2057,71
314,2058,74
301,2070,108
300,2078,107
293,2058,103
280,2069,93
209,2141,77
196,2172,94
194,2092,21
145,2080,38
158,2102,78
303,2074,127
403,1963,154
324,1856,61
187,1686,-27
54,1438,-69
107,1644,-82
237,2686,274
512,3241,186
489,2092,-322
578,1478,-167
642,1730,139
674,2060,168
577,2206,238
287,2226,264
271,2129,205
595,1928,178
780,1866,149
748,1833,144
719,1904,122
638,1995,191
639,1923,216
755,1836,219
840,1735,249
788,1572,224
709,1463,160
721,1297,118
791,1394,72
797,1800,93
591,1961,187
558,2011,124
715,1946,56
944,2002,-97
1057,2243,-104
1018,2502,-99
722,2669,-190
654,2856,-231
869,3020,-309
989,3052,-412
1016,3024,-357
839,2903,-211
604,2823,-106
540,2664,-178
470,2465,-329
454,2268,-254
659,1962,-276
766,1797,-362
601,2008,80
402,2214,217
464,2522,144
707,2998,-156
699,3491,-4
753,3982,358
445,3515,164
647,3346,496
1028,3351,749
1113,3073,693
929,2106,503
523,756,312
31,241,322
-446,-91,102
-801,-458,20
-1161,-884,220
-919,-1151,611
-261,-1477,803
615,-1263,-98
692,533,-661
1017,1966,-1187
1188,4203,-604
846,4679,127
-465,2288,261
-443,2037,255
846,3492,271
1383,4342,353
1238,4195,234
1020,3864,-128
1240,3414,196
1235,3651,127
404,3737,556
334,2629,495
144,1137,63
-12,414,308
-40,1220,362
-190,3199,-213
578,3209,-1236
870,2280,-553
1072,3273,298
645,4756,822
505,3601,811
473,1528,760
826,534,991
868,-166,627
-273,-1748,524
-980,-2123,459
-632,-2327,615
282,-1766,-35
24,816,-476
-540,2871,-1934
360,7794,-609
1003,3177,1635
939,1837,-22
744,1711,-10
519,3111,-557
700,4993,-284
-341,3523,-27
204,2798,75
1014,2462,183
1160,1760,321
780,1273,268
574,711,129
241,518,204
14,471,231
-295,484,538
-365,902,522
-687,1882,-218
-508,3140,-890
705,3270,372
1363,4349,546
1244,4130,333
1130,3944,926
974,3775,1150
879,2741,1028
826,1947,644
254,1192,779
-147,449,993
-16,-179,694
-202,-749,419
-266,-1061,321
-214,-1266,53
12,-1031,-416
196,629,-898
153,2406,-985
-166,5694,-930
557,5421,858
298,1389,599
693,2000,156
1344,3908,162
1567,4414,-63
409,4053,-496
167,3386,-80
719,2393,345
725,2019,456
618,1735,601
712,844,144
375,325,22
81,247,153
-26,396,411
8,1169,289
-282,2408,-51
385,3502,-420
595,3440,503
823,3810,105
915,3534,362
1348,3853,652
1271,3521,585
1027,2663,762
1119,2289,559
742,1815,504
158,681,630
-300,-541,525
-531,-1052,568
-773,-1110,483
-613,-1297,447
-201,-1411,-85
101,-359,-595
757,1559,-862
253,4616,-981
899,7163,526
-317,1491,503
79,1677,285
436,2378,251
1330,3904,400
1011,4476,451
770,3895,141
649,3140,59
1069,2445,-90
1160,2116,20
698,2145,329
380,1619,419
225,867,167
-48,359,13
-101,310,30
-54,282,244
123,717,450
-41,1502,14
-216,2543,-994
621,3489,76
636,3861,275
1247,4630,289
1398,3864,670
1528,3703,657
1009,2818,1056
1081,2627,791
812,2287,708
317,1477,767
60,775,809
94,-97,708
78,-838,437
-172,-910,246
-296,-954,290
-127,-936,-271
-6,15,-954
252,1635,-867
258,3908,-763
817,5281,407
25,1854,373
27,1387,198
804,2436,208
1419,3663,736
818,4089,602
449,3493,335
509,3400,110
1048,2903,-122
1371,2669,-139
1361,2523,-105
602,2414,141
136,1786,171
323,800,0
353,403,-17
222,207,89
156,436,203
464,820,-273
194,1491,-422
165,2283,-416
150,2696,487
-432,4150,677
-266,4729,621
433,3726,707
1155,3294,695
1389,3110,774
1311,3048,689
1168,3170,1051
798,2755,1131
675,2060,1020
429,740,612
-286,179,384
-184,-288,273
-724,-617,333
-634,-763,204
-332,-1038,-109
189,-828,-466
878,220,-620
897,1686,-1092
444,4343,-1267
448,5534,152
-426,2012,1140
-100,1927,69
774,3200,508
985,3816,177
654,4311,-278
892,3729,163
1314,2829,145
1255,2331,58
974,2081,143
754,1927,279
590,1151,336
241,481,483
141,209,221
231,190,81
87,406,50
80,634,-640
-181,809,-1262
481,1605,-395
-96,2968,439
-859,4141,-41
-158,3647,-135
290,2915,-265
752,2934,-134
754,2818,121
320,2616,359
347,2469,259
479,2193,413
415,1613,468
494,1169,381
566,860,320
612,400,106
419,51,-33
200,374,-27
-132,1011,-347
-405,2293,-398
381,4045,1580
504,3669,816
-332,1358,-235
168,934,-123
534,1740,534
757,2298,548
670,1951,4
307,1934,19
166,2027,197
193,2033,153
311,2047,191
417,2025,178
445,1989,235
368,1930,182
357,2006,90
389,2056,92
380,2086,75
318,2063,106
330,2019,111
374,2002,117
402,2040,128
394,2035,106
406,2040,111
391,2041,115
373,2033,120
398,2042,131
404,2042,130
400,2047,125
392,2056,102
362,2043,82
351,2043,75
338,2056,92
337,2041,83
332,2034,88
351,2048,85
344,2040,96
336,2049,93
335,2057,90
331,2061,98
322,2059,81
341,2048,85
358,2035,118
337,2066,125
341,2052,114
337,2045,125
312,2038,116
294,2042,121
282,2053,131
290,2049,133
312,2037,155
339,2036,172
358,2018,162
362,2024,160
333,2040,168
340,2040,171
335,2051,178
336,2037,156
328,2040,151
331,2040,135
315,2042,158
319,2045,145
326,2040,156
325,2033,155
331,2041,154
317,2053,160
325,2045,159
328,2037,156
322,2041,153
323,2053,140
283,2067,137
282,2050,139
261,2046,157
291,2044,161
338,2037,143
340,2037,174
336,2037,164
345,2034,157
351,2046,151
330,2049,149
333,2042,164
330,2037,162
340,2026,160
350,2043,145
345,2043,163
326,2047,153
323,2029,150
323,2044,160
340,2041,148
344,2035,144
349,2036,163
352,2030,157
359,2040,162
356,2043,171
346,2044,152
354,2039,158
350,2033,159
340,2039,163
338,2041,167
335,2038,148
326,2034,149
340,2032,161
331,2042,174
356,2024,148
351,2010,155
347,2035,163
310,2063,136
327,2061,130
324,2044,140
327,2045,143
327,2044,160
350,2040,158
371,2026,187
370,2025,183
372,2022,181
367,2024,182
357,2038,172
344,2027,169
342,2030,147
331,2033,157
335,2050,139
331,2043,133
330,2049,143
326,2034,137
321,2026,150
338,2038,140
346,2034,139
350,2051,144
331,2050,143
322,2040,136
329,2019,155
324,2036,158
349,2041,152
344,2055,161
344,2037,158
339,2021,170
342,2029,167
350,2032,174
353,2025,170
354,2028,176
364,2022,166
356,2038,150
342,2035,144
328,2042,155
329,2038,151
328,2028,157
339,2034,143
350,2039,132
340,2038,123
319,2041,119
310,2054,121
294,2044,122
286,2041,123
290,2061,118
288,2070,107
292,2056,112
285,2046,105
296,2056,111
305,2048,89
298,2035,106
289,2051,113
293,2055,94
306,2049,95
307,2057,98
301,2043,104
296,2047,97
295,2051,97
289,2058,88
303,2064,85
315,2056,101
288,2037,91
291,2043,97
304,2045,97
315,2053,95
317,2055,90
300,2057,87
295,2050,79
287,2051,72
270,2045,82
264,2051,85
266,2055,79
285,2057,81
301,2054,82
323,2045,84
326,2054,82
314,2043,86
300,2046,84
289,2055,81
297,2042,80
280,2055,88
283,2050,66
287,2050,46
286,2058,66
292,2054,62
281,2053,45
288,2058,55
282,2058,52
264,2053,54
272,2049,58
278,2059,41
280,2054,42
285,2054,49
281,2044,46
290,2047,45
287,2055,48
283,2053,44
271,2059,53
283,2059,60
276,2053,49
294,2052,39
288,2044,45
284,2065,53
